{
  "in_dir": "GAVD-HSMR-dcm-oneperson-filtered",
  "files_total": 239,
  "files_ok": 239,
  "files_bad": 0,
  "unique_subjects_ok": 29,
  "subjects_ok": [
    19,
    20,
    21,
    22,
    25,
    29,
    30,
    33,
    36,
    37,
    38,
    41,
    42,
    44,
    46,
    55,
    58,
    61,
    64,
    65,
    67,
    68,
    77,
    80,
    81,
    82,
    86,
    89,
    92
  ],
  "types_ok": [
    "FastWalkData",
    "FwdWalkData",
    "WalkData"
  ],
  "frames_T_stats_ok": {
    "min": 38,
    "p25": 95.0,
    "median": 119.0,
    "p75": 151.0,
    "p95": 260.6999999999998,
    "max": 840,
    "mean": 146.9581589958159
  },
  "per_type_counts_ok": {
    "WalkData": 129,
    "FastWalkData": 105,
    "FwdWalkData": 5
  },
  "per_subject_counts_ok_top20": {
    "19": 11,
    "22": 11,
    "20": 10,
    "25": 10,
    "29": 10,
    "41": 10,
    "42": 10,
    "77": 10,
    "81": 10,
    "64": 10,
    "58": 10,
    "55": 10,
    "46": 10,
    "30": 9,
    "33": 9,
    "44": 8,
    "36": 8,
    "89": 8,
    "86": 8,
    "67": 8
  },
  "bad_examples_head": []
}